-- phpMyAdmin SQL Dump
-- version 4.1.14
-- http://www.phpmyadmin.net
--
-- Host: 127.0.0.1
-- Generation Time: Apr 12, 2017 at 07:13 PM
-- Server version: 5.6.17
-- PHP Version: 5.5.12

SET SQL_MODE = "NO_AUTO_VALUE_ON_ZERO";
SET time_zone = "+00:00";


/*!40101 SET @OLD_CHARACTER_SET_CLIENT=@@CHARACTER_SET_CLIENT */;
/*!40101 SET @OLD_CHARACTER_SET_RESULTS=@@CHARACTER_SET_RESULTS */;
/*!40101 SET @OLD_COLLATION_CONNECTION=@@COLLATION_CONNECTION */;
/*!40101 SET NAMES utf8 */;

--
-- Database: `napspace`
--

-- --------------------------------------------------------

--
-- Table structure for table `amenities`
--

CREATE TABLE IF NOT EXISTS `amenities` (
  `id` int(11) NOT NULL AUTO_INCREMENT,
  `name` varchar(100) NOT NULL,
  `icon` varchar(500) NOT NULL,
  `type` varchar(25) NOT NULL,
  PRIMARY KEY (`id`)
) ENGINE=InnoDB  DEFAULT CHARSET=latin1 AUTO_INCREMENT=25 ;

--
-- Dumping data for table `amenities`
--

INSERT INTO `amenities` (`id`, `name`, `icon`, `type`) VALUES
(1, '24 Hours Security', '<i class="fa fa-user-secret" aria-hidden="true"></i>', ''),
(2, 'Air Conditioner', '<img src="img\\icons\\ac.png" class="icon_style"></img>', ''),
(3, 'Bed & Pillow', '<i class="fa fa-bed" aria-hidden="true"></i>', ''),
(4, 'Breakfast', '<i class="fa fa-coffee" aria-hidden="true"></i>', ''),
(5, 'CCTV', '<img src="img\\icons\\cctv.png" class="icon_style"></img>', ''),
(6, 'Common Area', '<i class="fa fa-hourglass-start" aria-hidden="true"></i>', ''),
(7, 'Cooking', '<i class="fa fa-hourglass-start" aria-hidden="true"></i>', ''),
(8, 'CupBoard', '<i class="fa fa-hourglass-start" aria-hidden="true"></i>', ''),
(9, 'Dinner', '<i class="fa fa-cutlery" aria-hidden="true"></i>', ''),
(10, 'Geyser', '<i class="fa fa-hourglass-start" aria-hidden="true"></i>', ''),
(11, 'Laundry', '<img src="img\\icons\\laundry.png" class="icon_style"></img>', ''),
(12, 'Lift', '<i class="fa fa-hourglass-start" aria-hidden="true"></i>', ''),
(13, 'Lunch', '<i class="fa fa-cutlery" aria-hidden="true"></i>', ''),
(14, 'Medical Treatment', '<i class="fa fa-medkit" aria-hidden="true"></i>', ''),
(15, 'Parking', '<img src="img\\icons\\parking.png" class="icon_style"></img>', ''),
(16, 'Penthouse', '<i class="fa fa-hourglass-start" aria-hidden="true"></i>', ''),
(17, 'R/O', '<img src="img\\icons\\ro.png" class="icon_style"></img>', ''),
(18, 'Reading Space', '<i class="fa fa-hourglass-start" aria-hidden="true"></i>', ''),
(19, 'Refigerator', '<img src="img\\icons\\fridge.png" class="icon_style"></img>', ''),
(20, 'TV', '<i class="fa fa-television" aria-hidden="true"></i>', ''),
(21, 'Tea', '<i class="fa fa-coffee" aria-hidden="true"></i>', ''),
(22, 'Terrace Garden', '<i class="fa fa-hourglass-start" aria-hidden="true"></i>', ''),
(23, 'Wifi', '<i class="fa fa-wifi" aria-hidden="true"></i>', ''),
(24, 'harshit', 'harshit', 'Napspace');

-- --------------------------------------------------------

--
-- Table structure for table `owner`
--

CREATE TABLE IF NOT EXISTS `owner` (
  `id` int(11) NOT NULL AUTO_INCREMENT,
  `name` varchar(500) NOT NULL,
  `email` varchar(500) NOT NULL,
  `contact` varchar(10) NOT NULL,
  `password` varchar(500) DEFAULT NULL,
  `status` int(11) NOT NULL DEFAULT '0',
  `desc` text NOT NULL,
  PRIMARY KEY (`id`)
) ENGINE=InnoDB  DEFAULT CHARSET=latin1 AUTO_INCREMENT=36 ;

--
-- Dumping data for table `owner`
--

INSERT INTO `owner` (`id`, `name`, `email`, `contact`, `password`, `status`, `desc`) VALUES
(1, 'Aman', 'amankhan7900@gmail.com', '8980274484', '5d41402abc4b2a76b9719d911017c592', 1, ''),
(2, 'Mayur Joshi', 'm.j.111336@gmail.com', '8866255964', '', 0, ''),
(3, 'Mahesh', '', '9537777328', '', 0, ''),
(4, 'Rushil', 'rushilchokshi@gmail.com', '7383550096', '', 0, ''),
(5, 'Nishant Chavda', 'corporatehospitalityservice@yahoo.com', '8511205084', '', 0, ''),
(6, 'Harshal Rawal', 'rawal_harshal@yahoo.co.in', '8140500051', '', 0, ''),
(7, 'Pradhyuman', '', '9558079359', '', 0, ''),
(8, 'Sejal Thakkar', 'sejalthakkar011@gmail.com', '9275125411', '', 0, ''),
(9, 'Hasmukh Thakkar', 'sairenbasera@gmail.com', '7041081000', '', 0, ''),
(10, 'Jayesh', 'manmandirpainguest@gmail.com', '9328236643', '', 0, ''),
(11, 'Naren Patel', 'aayushpg2011@gmail.com', '9428124455', '', 0, ''),
(12, 'Viral', '', '9978912722', '', 0, ''),
(13, 'Gulshan Anand', 'gulshee1411@gmail.com', '9377210389', '', 0, ''),
(14, 'Akshay Kuhada', 'akkikuhada@gmail.com', '9998881058', '', 0, ''),
(15, 'Nirav Saujani', 'saujani@gmail.com', '9099733333', '', 0, ''),
(16, 'Kokilaben', 'creativecampus25@gmail.com', '9924143547', '', 0, ''),
(17, 'Manish Patel', 'patelmanish1301@gmail.com', '9510906446', '', 0, ''),
(18, 'Jaimin Gohel', 'jaimin.gohel@gmail.com', '7383590808', '', 0, ''),
(19, 'Chirag', '', '9510151819', '', 0, ''),
(20, 'Nitesh Ahir', '', '9099850001', '', 0, ''),
(21, 'Anil', '', '7878792392', '', 0, ''),
(22, 'Abhishek Goswami', 'abgoswami28@gmail.com', '7041111124', '', 0, ''),
(23, 'Keyuri Patel', '', '9925672004', '', 0, ''),
(24, 'Kirtan Jani', '', '9825801607', '', 0, ''),
(25, 'Hetal Lakhiya', '', '9825451702', '', 0, ''),
(26, 'Shailesh Patel', '', '9825658897', '', 0, ''),
(27, 'Krunal Porwal', '', '9825045134', '', 0, ''),
(28, 'Jitu Patel', '', '8401773999', '', 0, ''),
(29, 'Rajuben', '', '9687103106', '', 0, ''),
(30, 'a', 'a@a.a', '123', '6f8f57715090da2632453988d9a1501b', 0, ''),
(31, 'm@m.m', 'm@m.m', 'm', '6f8f57715090da2632453988d9a1501b', 0, ''),
(32, 'hello', 'world@gmail.com', '8980274484', '0cc175b9c0f1b6a831c399e269772661', 1, ''),
(33, 'manush', 'manush96@gmail.com', '8888888888', 'b0baee9d279d34fa1dfd71aadb908c3f', 1, 'hsnsasnfslakjnfLNFLNSFlsNlkk'),
(35, 'manush', 'manush96@gmail.com', '8888888888', 'b0baee9d279d34fa1dfd71aadb908c3f', 1, 'hsnsasnfslakjnfLNFLNSFlsNlkk');

-- --------------------------------------------------------

--
-- Table structure for table `pg`
--

CREATE TABLE IF NOT EXISTS `pg` (
  `id` int(10) NOT NULL AUTO_INCREMENT,
  `owner_id` int(11) NOT NULL,
  `name` varchar(22) CHARACTER SET utf8 DEFAULT NULL,
  `address` varchar(102) CHARACTER SET utf8 DEFAULT NULL,
  `area` varchar(12) CHARACTER SET utf8 DEFAULT NULL,
  `amenities` varchar(500) CHARACTER SET utf8 DEFAULT NULL,
  `room_price` varchar(700) CHARACTER SET utf8 DEFAULT NULL,
  `rules` varchar(500) CHARACTER SET utf8 DEFAULT NULL,
  `website_listing` varchar(44) CHARACTER SET utf8 DEFAULT NULL,
  `gender` varchar(12) CHARACTER SET utf8 DEFAULT NULL,
  `coords` varchar(20) CHARACTER SET utf8 DEFAULT NULL,
  `latitude` double NOT NULL,
  `longitude` double NOT NULL,
  `city` varchar(255) NOT NULL,
  `search_count` int(11) NOT NULL,
  `conversion` int(11) NOT NULL,
  `list_count` int(11) NOT NULL,
  `status` int(15) NOT NULL,
  `price_from` int(50) NOT NULL DEFAULT '0',
  `price_to` int(50) NOT NULL DEFAULT '0',
  `type` varchar(255) NOT NULL,
  `form_no` int(50) NOT NULL,
  `keyword` varchar(300) NOT NULL,
  `property_desc` text NOT NULL,
  PRIMARY KEY (`id`)
) ENGINE=InnoDB  DEFAULT CHARSET=latin1 AUTO_INCREMENT=121 ;

--
-- Dumping data for table `pg`
--

INSERT INTO `pg` (`id`, `owner_id`, `name`, `address`, `area`, `amenities`, `room_price`, `rules`, `website_listing`, `gender`, `coords`, `latitude`, `longitude`, `city`, `search_count`, `conversion`, `list_count`, `status`, `price_from`, `price_to`, `type`, `form_no`, `keyword`, `property_desc`) VALUES
(1, 1, 'Aman Paying Guest', '12 new alkapuri society near teen khuniya bagicha siers tower char rasta gulbai tekra ambawadi', 'Ambawadi', '2,3,4,8,9,11,13,15,17,19,20,23', '2 sharing Ac: 10000, 4 sharing Ac: 8500-9000', 'Smoking is not allowed in paying guest, Alcohol or any other toxic substance not allowed in paying guest, Non-veg food is not allowed in paying guest, 1 month notice period, Ac electricity bill different, No boys are allowed in paying guest', 'Justdial, OLX, Quickr', 'Female', '23.025518, 72.551039', 23.025518, 72.551039, 'Ahmedabad', 37, 0, 4, 0, 8500, 10000, 'Premium', 15, 'Ambawadi, Panchvati, Nehrunagar, C.N Vidhyalay, Panjrapol, Gulbai Tekra, L.D College, Polytechnic College', ''),
(2, 1, 'Aman Paying Guest', '2 haveli apartment panchwati park society opposite white house panchvati', 'CG Road', '2,3,4,8,9,11,13,15,17,19,20,23', '2 sharing Ac: 8500, 2 sharing: 6000, 3 sharing Ac: 8000, 4 sharing Ac: 7500, 6 sharing: 5500', 'Smoking is not allowed in paying guest, Alcohol or any other toxic substance not allowed in paying guest, Non-veg food is not allowed in paying guest, 1 month notice period, Ac electricity bill different, No girls are allowed in paying guest', 'Justdial, OLX, Quickr', 'Male', '23.023139, 72.554398', 23.023139, 72.554398, 'Ahmedabad', 117, 0, 27, 0, 5500, 8500, 'Executive', 16, 'Gulbai Tekra, Panchvati, Ambawadi, C.G Road, Central Mall, Endeavour, Navkar School, Mithakali, Law Garden', ''),
(3, 2, 'Second Home', 'Ground floor, setu apartment near dev corporate cg road', 'CG Road', '3,4,8,9,11,13,15,17,19,20,23', '3 sharing: 6500, 4 sharing: 6000', 'Smoking is not allowed in paying guest, Alcohol or any other toxic substance not allowed in paying guest, Non-veg food is not allowed in paying guest, 1 month notice period, Ac electricity bill different, No girls are allowed in paying guest', 'Sulekha, OLX', 'Male', '23.028036, 72.557757', 23.028036, 72.557757, 'Ahmedabad', 7, 0, 0, 0, 6000, 6500, 'Executive', 17, 'C.G Road, Navrangpura, H.L College, Xavier College, Cept University, Swatik Cross Road, Girish Cold Drink, Mithakali, Law Garden', ''),
(4, 2, 'Second Home', '3rd floor, pravin apartment behind samudra complex near cg road', 'CG Road', '2,3,4,8,9,11,13,15,17,19,20,23', '3 sharing Ac: 7500, 3 sharing: 6500, 4 sharing: 7000, Hall: 5500', 'Smoking is not allowed in paying guest, Alcohol or any other toxic substance not allowed in paying guest, Non-veg food is not allowed in paying guest, 1 month notice period, Ac electricity bill different, No girls are allowed in paying guest', 'Justdial, OLX, Quickr', 'Male', '23.031269, 72.560642', 23.031269, 72.560642, 'Ahmedabad', 3, 0, 0, 0, 5500, 7500, 'Executive', 18, 'C.G Road, Navrangpura, H.L College, Xavier College, Cept University, Swatik Cross Road, Girish Cold Drink, Mithakali, Law Garden', ''),
(5, 2, 'Second Home', '7, 3rd floor Ankit duplex behind swaminarayan temple opposite L colony Nehrunagar', 'Nehrunagar', '3,4,8,9,11,13,15,16,17,19,20,23', '2 sharing: 7000, 3 sharing: 6000', 'Smoking is not allowed in paying guest, Alcohol or any other toxic substance not allowed in paying guest, Non-veg food is not allowed in paying guest, 1 month notice period, No boys are allowed in paying guest', 'Justdial, OLX, Quickr', 'Female', '23.024791, 72.546732', 23.024791, 72.546732, 'Ahmedabad', 9, 0, 26, 0, 6000, 7000, 'Executive', 19, 'Nehrunagar, Ambawadi, Panjrapol, Shajanad College', ''),
(6, 3, 'Mak PG ', '401/ Arham apartment near rathi hospital beside pramukh residency jodhpur', 'Jodhpur', '3,4,8,9,11,13,15,17,19,20,23', '2 sharing: 6000, 3 sharing: 5500-5000', 'Smoking is not allowed in paying guest, Alcohol or any other toxic substance not allowed in paying guest, Non-veg food is not allowed in paying guest, 1 month notice period, No girls are allowed in paying guest', 'Justdial, OLX, Quickr', 'Female', '23.016771, 72.520806', 23.016771, 72.520806, 'Ahmedabad', 20, 0, 9, 0, 5000, 6000, 'Executive', 20, 'Jodhpur, Ramdevnagar, Iscon, Shivranjini, Star Bazaar, ISRO, Anandnagar, S.G Highway, Satellite', ''),
(7, 3, 'Mak PG', '501, Archan Apartment near rathi hospital beside pramukh residency jodhpur', 'Jodhpur', '3,4,8,9,11,13,15,17,19,20,23', '2 sharing: 6000, 3 sharing: 5500-5000', 'Smoking is not allowed in paying guest, Alcohol or any other toxic substance not allowed in paying guest, Non-veg food is not allowed in paying guest, 1 month notice period, No girls are allowed in paying guest', NULL, NULL, '23.016771, 72.520806', 23.016771, 72.520806, 'Ahmedabad', 1, 0, 0, 0, 5000, 6000, 'Executive', 21, 'Jodhpur, Ramdevnagar, Iscon, Shivranjini, Star Bazaar, ISRO, Anandnagar, S.G Highway, Satellite', ''),
(8, 3, 'Mak PG', '301/Archan apartment near rathi hospital beside pramukh residency Jodhpur Gam', 'Jodhpur', '3,4,8,9,11,13,15,17,19,20,23', '2 sharing: 6000, 3 sharing: 5500-5000', 'Smoking is not allowed in paying guest, Alcohol or any other toxic substance not allowed in paying guest, Non-veg food is not allowed in paying guest, 1 month notice period, No girls are allowed in paying guest', 'Justdial, OLX, Quickr', NULL, '23.016771, 72.520806', 23.016771, 72.520806, 'Ahmedabad', 0, 0, 0, 0, 5000, 6000, 'Executive', 22, 'Jodhpur, Ramdevnagar, Iscon, Shivranjini, Star Bazaar, ISRO, Anandnagar, S.G Highway, Satellite', ''),
(9, 3, 'Mak PG', '103/ Polaris Shapphire apartment near swastik char rasta above aero drop showroom CG road', 'CG Road', '2,3,4,8,9,13,15,17,19,20,23', '4 sharing: 6000, 5 sharing: 5500', 'Smoking is not allowed in paying guest, Alcohol or any other toxic substance not allowed in paying guest, Non-veg food is not allowed in paying guest, 1 month notice period, No boys are allowed in paying guest', 'Justdial, OLX, Quickr', 'Female', '23.039585, 72.562386', 23.039585, 72.562386, 'Ahmedabad', 4, 0, 0, 0, 5500, 6000, 'Executive', 23, 'C.G Road, Navrangpura, H.L College, Xavier College, Cept University, Swatik Cross Road, Girish Cold Drink, Mithakali, Law Garden', ''),
(10, 3, 'Mak PG', '102/ polaris shappire apartment near swastik char rasta above aero drop showroom ', 'CG Road', '2,3,4,8,9,11,13,15,17,19,20,23', '3 sharing Ac: 8000, 4 sharing Ac: 7500, 5 sharing Ac: 7000, 5 sharing: 6500', 'Smoking is not allowed in paying guest, Alcohol or any other toxic substance not allowed in paying guest, Non-veg food is not allowed in paying guest, 1 month notice period, No girls are allowed in paying guest', 'Justdial, OLX, Quickr', 'Male', '23.039585, 72.562386', 23.039585, 72.562386, 'Ahmedabad', 1, 0, 0, 0, 6500, 8000, 'Executive', 24, 'C.G Road, Navrangpura, H.L College, Xavier College, Cept University, Swatik Cross Road, Girish Cold Drink, Mithakali, Law Garden', ''),
(11, 3, 'Mak PG', '9 arpan apartment opposite induben house commerce six road', 'Navrangpura', '3,4,8,9,11,13,15,17,19,20,23', '4 sharing: 6000', 'Smoking is not allowed in paying guest, Alcohol or any other toxic substance not allowed in paying guest, Non-veg food is not allowed in paying guest, 1 month notice period, No girls are allowed in paying guest', 'Justdial, OLX, Quickr', 'Male', '23.039977, 72.559249', 23.039977, 72.559249, 'Ahmedabad', 39, 0, 18, 0, 6000, 6000, 'Executive', 25, 'Navrangpura, Vijay Cross Road, Commerce six road, Cept University, Mithakali, C.G Road, Law Garden, Swastik Cross Road, Stadium Circle', ''),
(12, 4, 'Choksi PG Services', 'B93 falgun tenament opposite subodh colony jodhpur gam', 'Jodhpur', '2,3,8,9,10,11,13,15,17,19,20,22,23', '4 sharing Ac: 7000', 'Smoking is not allowed in paying guest, Alcohol or any other toxic substance not allowed in paying guest, Non-veg food is not allowed in paying guest, 1 month notice period, No boys are allowed in paying guest', 'Justdial, Sulekha, OLX, Quickr', 'Female', '23.019835, 72.523625', 23.019835, 72.523625, 'Ahmedabad', 4, 0, 0, 0, 7000, 7000, 'Premium', 27, 'Jodhpur, Ramdevnagar, Iscon, Shivranjini, Star Bazaar, ISRO, Anandnagar, S.G Highway, Satellite', ''),
(13, 5, 'Corporate Hospitality ', '3, aaryan villa society opposite ramada hotel prahladnagar', 'Prahladnagar', '2,3,4,5,8,9,11,13,15,17,19,20,23', '1 sharing Ac: 25000-35000, 2 sharing Ac: 13000-15000, 3 sharing Ac: 8500-10000', 'Smoking is not allowed in paying guest, Alcohol or any other toxic substance not allowed in paying guest, Non-veg food is not allowed in paying guest, 1 month notice period, No girls are allowed in paying guest', 'Justdial, OLX, Quickr, Magicbrick.com', 'Male, Female', '23.010601, 72.505069', 23.010601, 72.505069, 'Ahmedabad', 8, 0, 0, 0, 8500, 15000, 'Premium', 41, 'Prahladnagar, S.G Highway, Corporate Road, Vodafone House, Karnavati Club Road', ''),
(14, 5, 'Corporate Hospitality ', '7 aaryan villa society opposite ramada hotel prahladnagar', 'Prahladnagar', '2,3,4,5,8,9,11,13,15,17,19,20,23', '1 sharing Ac: 30000-40000, 2 sharing Ac: 15000-18000', 'Smoking is not allowed in paying guest, Alcohol or any other toxic substance not allowed in paying guest, Non-veg food is not allowed in paying guest, 1 month notice period, No girls are allowed in paying guest', 'Justdial, OLX, Quickr, Magicbricks.com', 'Male', '23.010601, 72.505069', 23.010601, 72.505069, 'Ahmedabad', 19, 0, 4, 0, 15000, 30000, 'Premium', 42, 'Prahladnagar, S.G Highway, Corporate Road, Vodafone House, Karnavati Club Road', ''),
(15, 6, 'Matruchhaya', '47 pallavi tower 9th floor opposite memnagar fire station navrangpura', 'Navrangpura', '2,3,4,8,9,11,13,14,15,17,19,20,23', '2 sharing Ac: 6500, 3 sharing: 6000, 4 sharing: 4500, 5 sharing: 4500', 'Smoking is not allowed in paying guest, Alcohol or any other toxic substance not allowed in paying guest, Non-veg food is not allowed in paying guest, 1 month notice period, No girls are allowed in paying guest, Time limit in paying guest is 11pm.', 'Justdial, OLX, Quickr', 'Male', '23.043103, 72.549376', 23.043103, 72.549376, 'Ahmedabad', 6, 0, 0, 0, 4500, 6500, 'Executive', 48, 'Navrangpura, Vijay Cross Road, Commerce six road, Cept University, Mithakali, C.G Road, Law Garden, Swastik Cross Road, Stadium Circle', ''),
(16, 6, 'Matruchhaya', '18 prakash park society near TGB bakery, opposite cosmos bank commerce college six road, navrangpura', 'Navrangpura', '3,4,8,9,11,13,14,15,17,19,23', '2 sharing: 6500, 3 sharing: 6000, 5 sharing: 5500', 'Smoking is not allowed in paying guest, Alcohol or any other toxic substance not allowed in paying guest, Non-veg food is not allowed in paying guest, 1 month notice period, No girls are allowed in paying guest, Time limit in paying guest is 11pm.', 'Justdial, OLX, Quickr, Magic bricks', NULL, '23.039885, 72.554955', 23.039885, 72.554955, 'Ahmedabad', 2, 0, 0, 0, 5500, 6500, 'Executive', 50, 'Navrangpura, Vijay Cross Road, Commerce six road, Cept University, Mithakali, C.G Road, Law Garden, Swastik Cross Road, Stadium Circle', ''),
(17, 6, 'Matruchhaya', '49 pallavi tower1, 9th floor, opposite memnagar fire station navrangpura', 'Navrangpura', '3,4,8,9,11,13,14,15,17,19,20,23', '3 sharing: 6000, 5 sharing: 5500', 'Smoking is not allowed in paying guest, Alcohol or any other toxic substance not allowed in paying guest, Non-veg food is not allowed in paying guest, 1 month notice period, No girls are allowed in paying guest, Time limit in paying guest is 11pm.', 'Justdial, OLX, Quickr', 'Male', '23.043103, 72.549376', 23.043103, 72.549376, 'Ahmedabad', 1, 0, 0, 0, 5500, 6000, 'Executive', 49, 'Navrangpura, Vijay Cross Road, Commerce six road, Cept University, Mithakali, C.G Road, Law Garden, Swastik Cross Road, Stadium Circle', ''),
(18, 6, 'Matruchhaya', '55, 1st floor, nayak nagar above usmanpura, near sadar patel statue, sardar patel colony', 'Naranpura', '3,8,9,11,13,14,15,17,19', '2 sharing: 6000, 3 sharing: 6000, 4 sharing: 5500, 5 sharing: 5000', 'Smoking is not allowed in paying guest, Alcohol or any other toxic substance not allowed in paying guest, Non-veg food is not allowed in paying guest, 1 month notice period, No girls are allowed in paying guest, Time limit in paying guest is 11pm.', 'Justdial, OLX, Quickr, magicbricks', 'Male', '23.045433, 72.563738', 23.045433, 72.563738, 'Ahmedabad', 9, 0, 0, 0, 5000, 6000, 'Executive', 51, 'Naranpura, Usmanpura, Akbar Nagar, Ashram Road, Shastrinagar, Ankur Cross Road', ''),
(19, 6, 'Matruchhaya', '302, udani apartment behind raja flats, near naranpura railway crossing', 'Naranpura', '3,8,9,11,13,14,15,17,19,20,21,23', '2 sharing: 6500, 3 sharing: 5500, 4 sharing: 6000', 'Smoking is not allowed in paying guest, Alcohol or any other toxic substance not allowed in paying guest, Non-veg food is not allowed in paying guest, 1 month notice period, No boys are allowed in paying guest, Time limit in paying guest is 10:30pm.', 'Justdial, OLX, Quickr', 'Female', '23.052008, 72.563002', 23.052008, 72.563002, 'Ahmedabad', 1, 0, 0, 0, 5500, 6500, 'Executive', 52, 'Naranpura, Usmanpura, Akbar Nagar, Ashram Road, Shastrinagar, Ankur Cross Road', ''),
(20, 7, 'Gokul ', 'gokul pg, near choice restaurant Cg road', 'CG Road', '3,4,8,9,11,13,15,17,19,20,23', '4 sharing: 5500, 5 sharing: 5000', 'Smoking is not allowed in paying guest, Alcohol or any other toxic substance not allowed in paying guest, Non-veg food is not allowed in paying guest, 1 month notice period, No girls are allowed in paying guest, Time limit in paying guest is 11pm.', 'Justdial', 'Male', '23.035402, 72.561328', 23.035402, 72.561328, 'Ahmedabad', 1, 0, 0, 0, 5000, 5500, 'Executive', 57, 'C.G Road, Navrangpura, H.L College, Xavier College, Cept University, Swatik Cross Road, Girish Cold Drink, Mithakali, Law Garden', ''),
(21, 8, 'Angels Home', 'Angels Home, smruddhi residency near vallabh dining hall, CG road', 'CG Road', '2,3,4,5,6,8,9,11,12,13,15,17,19,20,23', '1 sharing Ac: 20000, 2 sharing Ac: 14000, 3 Sharing Ac: 11000, 4 Sharing Ac: 11000', 'Smoking is not allowed in paying guest, Alcohol or any other toxic substance not allowed in paying guest, Non-veg food is not allowed in paying guest, 1 month notice period, No boys are allowed in paying guest, Time limit in paying guest is 10:30pm.', 'Justdial, OLX, Quickr', 'Female', '23.033901, 72.564075', 23.033901, 72.564075, 'Ahmedabad', 2, 0, 0, 0, 11000, 20000, 'Premium', 56, 'C.G Road, Navrangpura, H.L College, Xavier College, Cept University, Swatik Cross Road, Girish Cold Drink, Mithakali, Law Garden', ''),
(22, 9, 'Sairen Basera', '24,25 goyal plaza judges bunglow road ahmedabad', 'Vastrapur', '2,3,8,11,15,17,19,20,23', '1 sharing Ac: 15000, 2 sharing Ac: 5500, 3 sharing Ac: 5500, 4 sharing Ac: 5500, 5 sharing Ac: 5500, 6 sharing Ac: 5000', 'Smoking is not allowed in paying guest, Alcohol or any other toxic substance not allowed in paying guest, Non-veg food is not allowed in paying guest, 1 month notice period, No girls are allowed in paying guest', 'Justdial, Sulekha, OLX, Quickr, Magicbricks', 'Male', '23.033703, 72.522739', 23.033703, 72.522739, 'Ahmedabad', 62, 0, 4, 0, 5000, 15000, 'Premium', 58, 'Vastrapur, Judges Bunglow Road, Mansi Circle, Bodakdev, IIM Road, Keshavbaug', ''),
(23, 9, 'Sairen Basera', '16,17 premchand nagar society judges bunglow road', 'Vastrapur', '3,5,8,11,15,17,19,20,23', '1 sharing: 8000, 2 sharing: 4000, 3 sharing: 4000, 4 sharing: 4000, 5 sharing: 4000, 6 sharing: 4000', 'Smoking is not allowed in paying guest, Alcohol or any other toxic substance not allowed in paying guest, Non-veg food is not allowed in paying guest, 1 month notice period, No girls are allowed in paying guest', 'Justdial, Sulekha, OLX, Quickr, Magic bricks', 'Male', '23.033854, 72.520298', 23.033854, 72.520298, 'Ahmedabad', 7, 0, 0, 0, 4000, 8000, 'Executive', 59, 'Vastrapur, Judges Bunglow Road, Mansi Circle, Bodakdev, IIM Road, Keshavbaug', ''),
(24, 9, 'Sairen Basera', 'I501, devnandan platina opposite sayona tilak, gota', 'Gota', '3,5,8,11,15,17,19,20,23', '1 sharing: 8000, 2 sharing: 4000, 3 sharing: 4000, 4 sharing: 4000, 5 sharing: 4000, 6 sharing: 4000', 'Smoking is not allowed in paying guest, Alcohol or any other toxic substance not allowed in paying guest, Non-veg food is not allowed in paying guest, 1 month notice period, No girls are allowed in paying guest', 'Justdial, Sulekha, OLX, Quickr, Magic bricks', 'Male', '23.097735, 72.549124', 23.097735, 72.549124, 'Ahmedabad', 14, 0, 0, 0, 4000, 8000, 'Premium', 60, 'Gota, Ghatlodiya, Chanlodiya, Nirma University, S.G Highway, Vaishnodevi Circle', ''),
(25, 10, 'Man Mandir', 'Manmandir 1, kailash kunj, society opposite devpath building behind lal bunglow', 'Navrangpura', '2,3,4,5,8,9,11,13,15,17,18,19,23', '1 sharing Ac: 9000, 2 sharing Ac: 8500, 2 sharing: 7500, 3 sharing Ac: 8500, 3 sharing: 7500', 'Smoking is not allowed in paying guest, Alcohol or any other toxic substance not allowed in paying guest, Non-veg food is not allowed in paying guest, 1 month notice period, No girls are allowed in paying guest, Time limit in paying guest is 11:30pm.', 'Justdial, Askme, Indiainfo', 'Male', '23.029972, 72.557423', 23.029972, 72.557423, 'Ahmedabad', 6, 0, 7, 0, 7500, 9000, 'Premium', 61, 'Navrangpura, Vijay Cross Road, Commerce six road, Cept University, Mithakali, C.G Road, Law Garden, Swastik Cross Road, Stadium Circle', ''),
(26, 10, 'Man Mandir', 'A7, chandra colony, opposite union bank, cargo ford and yash bank gully.', 'Navrangpura', '2,3,4,8,9,11,13,15,17,19,23', '1 sharing Ac: 9000, 2 sharing Ac: 7000, 2 sharing: 6500', 'Smoking is not allowed in paying guest, Alcohol or any other toxic substance not allowed in paying guest, Non-veg food is not allowed in paying guest, 1 month notice period, No boys are allowed in paying guest, Time limit in paying guest is 9:30pm.', 'Justdial, Askme, IndiaInfo', 'Female', '23.030169, 72.557187', 23.030169, 72.557187, 'Ahmedabad', 1, 0, 18, 0, 6500, 9000, 'Executive', 62, 'Navrangpura, Vijay Cross Road, Commerce six road, Cept University, Mithakali, C.G Road, Law Garden, Swastik Cross Road, Stadium Circle', ''),
(27, 10, 'Man Mandir', '2 harihar park behind old high court near railway crossing navrangpura', 'Navrangpura', '2,3,4,8,9,11,13,15,17,19,23', '1 sharing: 8000, 2 sharing: 7000, 3 sharing: 7000, 4 sharing Ac: 7500-7000, 5 sharing: 7000', 'Smoking is not allowed in paying guest, Alcohol or any other toxic substance not allowed in paying guest, Non-veg food is not allowed in paying guest, 1 month notice period, No girls are allowed in paying guest', 'Justdial, Askme, IndiaInfo', 'Male', '23.038993, 72.567891', 23.038993, 72.567891, 'Ahmedabad', 5, 0, 0, 0, 7000, 8000, 'Executive', 63, 'Navrangpura, Vijay Cross Road, Commerce six road, Cept University, Mithakali, C.G Road, Law Garden, Swastik Cross Road, Stadium Circle', ''),
(28, 11, 'Aayush ', '73, shivranjini society near shivranjini char rasta, 132 feet ring road, satellite', 'Satellite', '2,3,8,11,13,15,17,20,23', '2 sharing Ac: 4500, 2 sharing: 3500, 3 sharing Ac: 4500, 3 sharing: 3500, 4 sharing Ac: 4500, 4 sharing: 3500, 5 sharing Ac: 4500, 5 sharing: 3500', 'Smoking is not allowed in paying guest, Alcohol or any other toxic substance not allowed in paying guest, Non-veg food is not allowed in paying guest, 1 month notice period, No girls are allowed in paying guest', 'Justdial, Sulekha, OLX, Quickr, Magic Brick', 'Male', '23.023616, 72.529743', 23.023616, 72.529743, 'Ahmedabad', 45, 0, 18, 0, 3500, 4500, 'Executive', 64, 'Jodhpur, Ramdevnagar, Iscon, Shivranjini, Star Bazaar, ISRO, Anandnagar, S.G Highway, Satellite', ''),
(29, 11, 'Aayush', '72, shivranjini society near shivranjini char rasta 132 ft ring road satellite', 'Satellite', '2,3,8,9,11,13,15,17,20,23', '3 sharing Ac: 4500, 2 sharing: 3500, 3 sharing Ac: 4500, 3 sharing: 3500, 4 sharing Ac: 4500, 4 sharing: 3500, 5 sharing Ac: 4500, 5 sharing: 3500', 'Smoking is not allowed in paying guest, Alcohol or any other toxic substance not allowed in paying guest, Non-veg food is not allowed in paying guest, 1 month notice period, No girls are allowed in paying guest', 'Justdial, Sulekha, OLX, Quickr, Magicbricks', 'Male', '23.023616, 72.529743', 23.023616, 72.529743, 'Ahmedabad', 9, 0, 18, 0, 3500, 4500, 'Executive', 65, 'Jodhpur, Ramdevnagar, Iscon, Shivranjini, Star Bazaar, ISRO, Anandnagar, S.G Highway, Satellite', ''),
(30, 12, 'Kuvir ', 'A12 goyal tower opposite gulbai tekra police chowki near gujarat university', 'Gulabi Tekra', '3,4,8,9,11,13,15,19,20,23', 'Hall: 5500, 3 sharing: 6500, 4 sharing: 6500', 'Smoking is not allowed in paying guest, Alcohol or any other toxic substance not allowed in paying guest, Non-veg food is not allowed in paying guest, 1 month notice period, No girls are allowed in paying guest', NULL, 'Male', '23.028955, 72.546271', 23.028955, 72.546271, 'Ahmedabad', 6, 0, 18, 0, 5500, 6500, 'Executive', 66, 'Ambawadi, Panchvati, Nehrunagar, C.N Vidhyalay, Panjrapol, Gulbai Tekra, L.D College, Polytechnic College', ''),
(31, 12, 'Kavir', '6, sukhashanti dulex opposite central mall ambawadi', 'Ambawadi', '2,3,4,8,9,11,13,15,17,19,20,23', '3 sharing Ac: 7500', 'Smoking is not allowed in paying guest, Alcohol or any other toxic substance not allowed in paying guest, Non-veg food is not allowed in paying guest, 1 month notice period, No girls are allowed in paying guest', NULL, 'Male', '23.019873, 72.554559', 23.019873, 72.554559, 'Ahmedabad', 162, 0, 16, 0, 7500, 7500, 'Executive', 67, 'Ambawadi, Panchvati, Nehrunagar, C.N Vidhyalay, Panjrapol, Gulbai Tekra, L.D College, Polytechnic College', ''),
(32, 12, 'Kavir ', 'A104, 10th floor, orchid whitefield, opposite vodafone house, makarba', 'Prahladnagar', '2,3,4,8,9,11,13,15,17,19,20,23', '3 sharing Ac: 9000, 4 sharing Ac: 9000', 'Smoking is not allowed in paying guest, Alcohol or any other toxic substance not allowed in paying guest, Non-veg food is not allowed in paying guest, 1 month notice period, No girls are allowed in paying guest', NULL, 'Male', '22.998674, 72.505174', 22.998674, 72.505174, 'Ahmedabad', 7, 0, 0, 0, 9000, 9000, 'Executive', 68, 'Prahladnagar, S.G Highway, Corporate Road, Vodafone House, Karnavati Club Road', ''),
(33, 13, 'Jai Matadi', 'G1, G4 mayu tower near kanti gas near noha park society satellite', 'Satellite', '3,4,8,9,11,15,17,19,20,23', '3 sharing: 7500, 5 sharing: 6500', 'Smoking is not allowed in paying guest, Alcohol or any other toxic substance not allowed in paying guest, Non-veg food is not allowed in paying guest, 1 month notice period, No girls are allowed in paying guest', 'Justdial, OLX, Magic Bricks', NULL, '23.015399, 72.526167', 23.015399, 72.526167, 'Ahmedabad', 3, 0, 0, 0, 6500, 7500, 'Executive', 72, 'Satellite, Anandnagar, Jivraj Park, Manekbaug, Shyamal, Prahladnagar', ''),
(34, 13, 'Jai Matadi', 'G2 mayu tower near kothari gas near nehrupark society satellite', 'Satellite', '3,4,8,9,11,15,17,19,20,23', '1 sharing: 10000, 2 sharing: 8500, 3 sharing: 7500', 'Smoking is not allowed in paying guest, Alcohol or any other toxic substance not allowed in paying guest, Non-veg food is not allowed in paying guest, 1 month notice period, No girls are allowed in paying guest', 'Justdial, Quickr, Magicbricks', 'Male', '23.015399, 72.526167', 23.015399, 72.526167, 'Ahmedabad', 3, 0, 0, 0, 7500, 10000, 'Executive', 73, 'Satellite, Anandnagar, Jivraj Park, Manekbaug, Shyamal, Prahladnagar', ''),
(35, 14, 'Gajanand ', '6, shalibhadra flats above jolly selection near anupam shopping centre jodhpur', 'Jodhpur', '2,3,4,8,9,11,13,15,17,19,20,23', '3 sharing Ac: 7000, 3 sharing: 6500, 4 sharing: 6000', 'Smoking is not allowed in paying guest, Alcohol or any other toxic substance not allowed in paying guest, Non-veg food is not allowed in paying guest, 1 month notice period, No girls are allowed in paying guest', 'OLX, Quickr', 'Male', '23.019804, 72.525355', 23.019804, 72.525355, 'Ahmedabad', 11, 0, 0, 0, 6000, 7000, 'Executive', 74, 'Jodhpur, Ramdevnagar, Iscon, Shivranjini, Star Bazaar, ISRO, Anandnagar, S.G Highway, Satellite', ''),
(36, 14, 'Gajanand', '403 panchdhara plaza near ocean park opposite jhansi ki rani brts bus stand nehrunagar', 'Nehrunagar', '3,4,8,9,11,13,15,17,19,20,23', '3 sharing: 7000, 4 sharing: 6500', 'Smoking is not allowed in paying guest, Alcohol or any other toxic substance not allowed in paying guest, Non-veg food is not allowed in paying guest, 1 month notice period, No girls are allowed in paying guest', 'OLX, Quickr', 'Male', '23.021747, 72.538115', 23.021747, 72.538115, 'Ahmedabad', 4, 0, 0, 0, 6500, 7000, 'Executive', 75, 'Nehrunagar, Ambawadi, Panjrapol, Shajanad College', ''),
(37, 14, 'Gajanand', '4, woodfil row house oppsite mother milk place pakwan road bodakdev', 'Vastrapur', '3,4,8,9,11,13,15,17,19,20,23', '3 sharing: 7000, 4 sharing: 6500', 'Smoking is not allowed in paying guest, Alcohol or any other toxic substance not allowed in paying guest, Non-veg food is not allowed in paying guest, 1 month notice period, No girls are allowed in paying guest', 'OLX, Quickr', NULL, '23.038226, 72.512362', 23.038226, 72.512362, 'Ahmedabad', 0, 0, 0, 0, 6500, 7000, 'Executive', 76, 'Vastrapur, Judges Bunglow Road, Mansi Circle, Bodakdev, IIM Road, Keshavbaug', ''),
(38, 14, 'Gajanand PG', 'F63 tirthdham apartment behind HP petrol pump ', 'Vastrapur', '3,4,8,9,11,13,15,17,19,20,23', '3 sharing: 7000, 6 sharing: 6500', 'Smoking is not allowed in paying guest, Alcohol or any other toxic substance not allowed in paying guest, Non-veg food is not allowed in paying guest, 1 month notice period, No girls are allowed in paying guest', 'OLX, Quickr', NULL, '23.032797, 72.513156', 23.032797, 72.513156, 'Ahmedabad', 0, 0, 0, 0, 6500, 7000, 'Executive', 77, 'Vastrapur, Judges Bunglow Road, Mansi Circle, Bodakdev, IIM Road, Keshavbaug', ''),
(39, 14, 'Gajanand ', 'E43, tirthdham apartment behind hp petrol pump', 'Vastrapur', '3,4,8,9,11,13,15,17,19,20,23', '3 sharing 7000, 4 sharing: 6500', 'Smoking is not allowed in paying guest, Alcohol or any other toxic substance not allowed in paying guest, Non-veg food is not allowed in paying guest, 1 month notice period, No girls are allowed in paying guest', 'OLX, Quickr', 'Male', '23.032797, 72.513156', 23.032797, 72.513156, 'Ahmedabad', 4, 0, 0, 0, 6500, 7000, 'Executive', 78, 'Vastrapur, Judges Bunglow Road, Mansi Circle, Bodakdev, IIM Road, Keshavbaug', ''),
(40, 15, 'Shreeji Accomodation', 'B/A1 rudraksh appartment behind only dosa vastrapur', 'Vastrapur', '2,3,4,8,9,11,13,15,17,19,20,23', '1 sharing: 10500, 3 sharing Ac: 7000, 5 sharing Ac: 6000, 5 sharing: 5500', 'Smoking is not allowed in paying guest, Alcohol or any other toxic substance not allowed in paying guest, Non-veg food is not allowed in paying guest, 1 month notice period, No girls are allowed in paying guest', 'Justdial, OLX, Quickr', 'Male', '23.035224, 72.526374', 23.035224, 72.526374, 'Ahmedabad', 2, 0, 0, 0, 5500, 10500, 'Executive', 79, 'Vastrapur, Judges Bunglow Road, Mansi Circle, Bodakdev, IIM Road, Keshavbaug', ''),
(41, 15, 'Shreeji Accomodation', 'A1/3 amli apartment behind sanjivni hospital above adc bank sunrise park', 'Vastrapur', '2,3,4,8,9,11,13,15,17,19,20,23', '2 sharing: 6500, 3 sharing: 6500, 4 sharing Ac: 9500, 4 sharing: 7000', 'Smoking is not allowed in paying guest, Alcohol or any other toxic substance not allowed in paying guest, Non-veg food is not allowed in paying guest, 1 month notice period, No girls are allowed in paying guest', 'Justdial, OLX, Quickr', 'Male', '23.040655, 72.527876', 23.040655, 72.527876, 'Ahmedabad', 1, 0, 0, 0, 6500, 9500, 'Executive', 80, 'Vastrapur, Judges Bunglow Road, Mansi Circle, Bodakdev, IIM Road, Keshavbaug', ''),
(42, 15, 'Shreeji Accomodation', '8 nilkanth apartment nehru park adjacent to sbi bank road vastrapur', 'Vastrapur', '2,3,4,8,9,11,13,15,17,19,20,23', '2 sharing Ac: 11000,3 sharing: 6500', 'Smoking is not allowed in paying guest, Alcohol or any other toxic substance not allowed in paying guest, Non-veg food is not allowed in paying guest, 1 month notice period, No boys are allowed in paying guest, Time limit in paying guest is 12pm.', 'Justdial, OLX, Quickr', NULL, '23.036375, 72.528247', 23.036375, 72.528247, 'Ahmedabad', 2, 0, 0, 0, 6500, 11000, 'Executive', 81, 'Vastrapur, Judges Bunglow Road, Mansi Circle, Bodakdev, IIM Road, Keshavbaug', ''),
(43, 15, 'Shreeji Accomodation', 'A902 apple woods township near decathalon south bopal', 'Bopal', '3,4,8,9,11,13,15,17,19,20,23', '2 sharing: 8500, 3 sharing: 6500, 4 sharing: 5500', 'Smoking is not allowed in paying guest, Alcohol or any other toxic substance not allowed in paying guest, Non-veg food is not allowed in paying guest, 1 month notice period, No girls are allowed in paying guest', 'Justdial, OLX, Quickr', NULL, '22.993874, 72.471979', 22.993874, 72.471979, 'Ahmedabad', 2, 0, 0, 0, 5500, 8500, 'Executive', 82, 'Bopal, South Bopal, Ghuma, L.J Institute, Sobo Centre', ''),
(44, 15, 'Shreeji Accomodation', 'B1004 apple woods township near decathalon south bopal', 'Bopal', '2,3,4,8,9,11,13,15,17,19,20,23', '1 sharing Ac: 15000, 2 sharing Ac: 10000, 3 sharing Ac: 8000', 'Smoking is not allowed in paying guest, Alcohol or any other toxic substance not allowed in paying guest, Non-veg food is not allowed in paying guest, 1 month notice period, No girls are allowed in paying guest', 'Justdial, OLX, Quickr', 'Male', '22.993874, 72.471979', 22.993874, 72.471979, 'Ahmedabad', 3, 0, 18, 0, 8000, 15000, 'Executive', 83, 'Bopal, South Bopal, Ghuma, L.J Institute, Sobo Centre', ''),
(45, 16, 'Creative Campus', '25/b government co-operative society behind municipal market cg road', 'CG Road', '1,2,3,4,5,8,9,11,13,15,17,19,20,23', '2 sharing Ac: 8000, 2 sharing: 6500, 3 sharing Ac: 7500, 3 sharing: 6500, 4 sharing Ac: 7500, 4 sharing: 6500', 'Smoking is not allowed in paying guest, Alcohol or any other toxic substance not allowed in paying guest, Non-veg food is not allowed in paying guest, 1 month notice period, No boys are allowed in paying guest, Time limit in paying guest is 10pm.', 'Justdial, Kemcho.com', 'Female', '23.034059, 72.562251', 23.034059, 72.562251, 'Ahmedabad', 0, 0, 0, 0, 6500, 8000, 'Executive', 84, 'C.G Road, Navrangpura, H.L College, Xavier College, Cept University, Swatik Cross Road, Girish Cold Drink, Mithakali, Law Garden', ''),
(46, 17, 'Friendly ', '110, shivranjini society near hp petrol pump 132 ft ring road satellite', 'Satellite', '3,4,8,9,11,13,15,17,19,20,23', '4 sharing: 6500', 'Smoking is not allowed in paying guest, Alcohol or any other toxic substance not allowed in paying guest, Non-veg food is not allowed in paying guest, 1 month notice period, No girls are allowed in paying guest, Any friends or relatives are been allowed for only 1 hour in paying guest.', 'Justdial', 'Male', '23.023616, 72.529743', 23.023616, 72.529743, 'Ahmedabad', 10, 0, 1, 0, 6500, 6500, 'Executive', 85, 'Satellite, Anandnagar, Jivraj Park, Manekbaug, Shyamal, Prahladnagar', ''),
(47, 17, 'Friendly PG', '109 shivranjini society near hp petrol pump 132 ft ring road satellite', 'Satellite', '3,4,8,9,11,13,15,17,19,20,23', '3 sharing: 6500, 5 sharing: 5500', 'Smoking is not allowed in paying guest, Alcohol or any other toxic substance not allowed in paying guest, Non-veg food is not allowed in paying guest, 1 month notice period, No boys are allowed in paying guest, Time limit in paying guest is 10:30pm.', 'Justdial', 'Female', '23.023616, 72.529743', 23.023616, 72.529743, 'Ahmedabad', 4, 0, 0, 0, 5500, 6500, 'Executive', 86, 'Satellite, Anandnagar, Jivraj Park, Manekbaug, Shyamal, Prahladnagar', ''),
(48, 17, 'Friendly ', 'C6, vishwakarma vihar society opposite hp petrol pump jodhpur cross road', 'Jodhpur', '3,8,11,15,17,19,20,23', '2 sharing: 4500, 3 sharing: 3800, 4 sharing: 3800', 'Smoking is not allowed in paying guest, Alcohol or any other toxic substance not allowed in paying guest, Non-veg food is not allowed in paying guest, 1 month notice period, No girls are allowed in paying guest, Friends are not allowed in paying guest.', 'Justdial', 'Male', '23.019281, 72.518974', 23.019281, 72.518974, 'Ahmedabad', 11, 0, 2, 0, 3800, 4500, 'Executive', 87, 'Jodhpur, Ramdevnagar, Iscon, Shivranjini, Star Bazaar, ISRO, Anandnagar, S.G Highway, Satellite', ''),
(49, 17, 'Friendly ', 'C10 vishwakarma vihar society opposite, HP petrol pump jodhpur cross road', 'Jodhpur', '3,4,8,9,11,13,15,17,19,20,23', '2 sharing: 7500, 3 sharing: 6500, 4 sharing: 6300', 'Smoking is not allowed in paying guest, Alcohol or any other toxic substance not allowed in paying guest, Non-veg food is not allowed in paying guest, 1 month notice period, No girls are allowed in paying guest', 'Justdial', 'Male', '23.019281, 72.518974', 23.019281, 72.518974, 'Ahmedabad', 4, 0, 2, 0, 6300, 7500, 'Executive', 88, 'Jodhpur, Ramdevnagar, Iscon, Shivranjini, Star Bazaar, ISRO, Anandnagar, S.G Highway, Satellite', ''),
(50, 17, 'Friendly ', '9, indus park bunglow opposite spipa institute opposite sundar van near star bazaar satellite', 'Satellite', '2,3,8,11,15,17,19,20,23', '3 sharing Ac: 4500, 4 sharing Ac: 4500', 'Smoking is not allowed in paying guest, Alcohol or any other toxic substance not allowed in paying guest, Non-veg food is not allowed in paying guest, 1 month notice period, No girls are allowed in paying guest', 'Justdial', 'Male', '23.026516, 72.523606', 23.026516, 72.523606, 'Ahmedabad', 22, 0, 18, 0, 4500, 4500, 'Executive', 89, 'Satellite, Anandnagar, Jivraj Park, Manekbaug, Shyamal, Prahladnagar', ''),
(51, 17, 'Friendly', 'B01,02, sagan castle near satellite park behind star bazaar mansi circle', 'Vastrapur', '2,3,4,8,9,11,13,15,17,19,20,23', '2 sharing Ac: 9000, 3 sharing Ac: 8000, 4 sharing Ac: 7500, 5 sharing Ac: 7000', 'Smoking is not allowed in paying guest, Alcohol or any other toxic substance not allowed in paying guest, Non-veg food is not allowed in paying guest, 1 month notice period, No girls are allowed in paying guest', 'Justdial', 'Male', '23.030408, 72.52284', 23.030408, 72.52284, 'Ahmedabad', 3, 0, 0, 0, 7000, 9000, 'Executive', 90, 'Vastrapur, Judges Bunglow Road, Mansi Circle, Bodakdev, IIM Road, Keshavbaug', ''),
(52, 17, 'Friendly', 'B1002, regency tower near management enclave behind swaminarayan mandir mansi circle', 'Vastrapur', '2,3,4,8,9,11,13,15,17,19,20,23', '2 sharing Ac: 12500, 3 sharing Ac: 9000, 4 sharing Ac: 7500', 'Smoking is not allowed in paying guest, Alcohol or any other toxic substance not allowed in paying guest, Non-veg food is not allowed in paying guest, 1 month notice period, No boys are allowed in paying guest, Time limit in paying guest is 10:30pm.', 'Justdial', 'Female', '23.034740, 72.526454', 23.03474, 72.526454, 'Ahmedabad', 16, 0, 0, 0, 7500, 12500, 'Premium', 91, 'Vastrapur, Judges Bunglow Road, Mansi Circle, Bodakdev, IIM Road, Keshavbaug', ''),
(53, 17, 'Friendly', 'c402, regency tower near management enclave mansi circle', 'Vastrapur', '2,3,4,8,9,11,13,15,17,19,20,23', '3 sharing Ac: 8000, 4 sharing Ac: 7500', 'Smoking is not allowed in paying guest, Alcohol or any other toxic substance not allowed in paying guest, Non-veg food is not allowed in paying guest, 1 month notice period, No girls are allowed in paying guest', 'Justdial', 'Male', '23.034740, 72.526454', 23.03474, 72.526454, 'Ahmedabad', 4, 0, 0, 0, 7500, 8000, 'Executive', 92, 'Vastrapur, Judges Bunglow Road, Mansi Circle, Bodakdev, IIM Road, Keshavbaug', ''),
(54, 17, 'Friendly', '2/11 tagar park nirma circle nehrunagar char rasta ', 'Nehrunagar', '2,3,4,8,9,11,13,15,17,19,20,23', '2 sharing Ac: 9000, 3 sharing Ac: 7500, 4 sharing Ac: 5500', 'Smoking is not allowed in paying guest, Alcohol or any other toxic substance not allowed in paying guest, Non-veg food is not allowed in paying guest, 1 month notice period, No boys are allowed in paying guest, Time limit in paying guest is 10:30pm.', 'Justdial', 'Female', '23.022450, 72.542585', 23.02245, 72.542585, 'Ahmedabad', 1, 0, 0, 0, 5500, 9000, 'Executive', 93, 'Nehrunagar, Ambawadi, Panjrapol, Shajanad College', ''),
(55, 4, 'Choksi ', '28, indraprasth bunglow opposite management enclave mansi circle', 'Vastrapur', '2,3,8,9,11,13,15,17,19,20,21,23', '1 sharing: 7000, 2 sharing: 6500, 4 sharing Ac: 7500, 5 sharing Ac: 8000, 5 sharing: 6000, 6 sharing Ac: 8000, 8 sharing Ac: 6000', 'Smoking is not allowed in paying guest, Alcohol or any other toxic substance not allowed in paying guest, Non-veg food is not allowed in paying guest, 1 month notice period, No girls are allowed in paying guest, Time Limit in paying guets is 11pm', 'Justdial, Sulekha', 'Male', '23.034415, 72.526878', 23.034415, 72.526878, 'Ahmedabad', 3, 0, 7, 0, 6500, 8000, 'Premium', 28, 'Vastrapur, Judges Bunglow Road, Mansi Circle, Bodakdev, IIM Road, Keshavbaug', ''),
(56, 4, 'Choksi', 'B15, atit apartment, opposite kornak karishma vastrapur', 'Vastrapur', '2,3,8,9,11,13,15,17,19,20,21,23', '3 sharing: 7000', 'Smoking is not allowed in paying guest, Alcohol or any other toxic substance not allowed in paying guest, Non-veg food is not allowed in paying guest, 1 month notice period, No girls are allowed in paying guest', 'Justdial, Sulekha', 'Male', '23.034475, 72.52447', 23.034475, 72.52447, 'Ahmedabad', 5, 0, 7, 0, 7000, 7000, 'Premium', 29, 'Vastrapur, Judges Bunglow Road, Mansi Circle, Bodakdev, IIM Road, Keshavbaug', ''),
(57, 18, 'Vaikunth Accomodation', '8 sterling row house & bunglows opposite maruti complex subhash chowk gurukul road memnagar', 'Gurukul', '2,3,4,8,9,11,13,15,17,19,20,23', '3 sharing Ac: 7000, 3 sharing: 6500, 4 sharing Ac: 7000, 4 sharing: 6500, 5 sharing Ac: 7000, 5 sharing: 6500', 'Smoking is not allowed in paying guest, Alcohol or any other toxic substance not allowed in paying guest, Non-veg food is not allowed in paying guest, 1 month notice period, No girls are allowed in paying guest, Time limit in paying guest is 12pm.', 'Justdial, OLX, Quickr', 'Male', '23.052146, 72.533584', 23.052146, 72.533584, 'Ahmedabad', 3, 0, 0, 0, 6500, 7000, 'Executive', 44, 'Gurukul, Memnagar, Drive In Road, Thaltej, Subhash Chowk, Surdhara Circle', ''),
(58, 18, 'Vaikunth', 'A1001 sarjan tower near IDBI bank gurukul', 'Gurukul', '2,3,4,8,9,11,13,15,16,17,19,20,23', '2 sharing: 8000, 3 sharing Ac: 8500, 3 sharing: 7500, 4 sharing Ac: 8000, 4 sharing: 7000', 'Smoking is not allowed in paying guest, Alcohol or any other toxic substance not allowed in paying guest, Non-veg food is not allowed in paying guest, 1 month notice period, No boys are allowed in paying guest, Time limit in paying guest is 10:30pm.', 'Justdial, OLX, Quickr', 'Female', '23.049027, 72.533863', 23.049027, 72.533863, 'Ahmedabad', 0, 0, 0, 0, 7000, 8500, 'Premium', 45, 'Gurukul, Memnagar, Drive In Road, Thaltej, Subhash Chowk, Surdhara Circle', ''),
(59, 18, 'Vaikunth', '16B, nirjivan society, opposite dindayal library, near gwalia sweets gurukul', 'Gurukul', '2,3,4,8,9,11,13,15,17,19,20,23', '3 sharing Ac: 7500, 3 sharing: 6500, 4 sharing Ac: 7000, 4 sharing: 6500, 5 sharing: 6500', 'Smoking is not allowed in paying guest, Alcohol or any other toxic substance not allowed in paying guest, Non-veg food is not allowed in paying guest, 1 month notice period, No girls are allowed in paying guest, Time limit in paying guest is 12pm.', 'Justdial, OLX, Quickr', 'Male', '23.047763, 72.533798', 23.047763, 72.533798, 'Ahmedabad', 1, 0, 0, 0, 6500, 7500, 'Executive', 46, 'Gurukul, Memnagar, Drive In Road, Thaltej, Subhash Chowk, Surdhara Circle', ''),
(60, 19, 'Royal', 'G1, asavari apartment behind kushal house navrangpura', 'Navrangpura', '3,8,15,19,20,23', '2 sharing: 6500, 3 sharing Ac: 7000, 4 sharing: 6000, 5 sharing Ac: 6200, 5 sharing: 5700-5500', 'Smoking is not allowed in paying guest, Alcohol or any other toxic substance not allowed in paying guest, Non-veg food is not allowed in paying guest, 1 month notice period, No girls are allowed in paying guest', NULL, 'Male', '23.034474, 72.557209', 23.034474, 72.557209, 'Ahmedabad', 2, 0, 0, 0, 5500, 7000, 'Executive', 53, 'Navrangpura, Vijay Cross Road, Commerce six road, Cept University, Mithakali, C.G Road, Law Garden, Swastik Cross Road, Stadium Circle', ''),
(61, 19, 'Royal', 'G4 asavari appartment behind kushal house navrangpura', 'Navrangpura', '2,3,4,8,9,11,13,15,17,19,20,23', '3 sharing: 6500, 3 sharing Ac: 7000, 4 sharing: 6000, 5 sharing Ac: 6200, 5 sharing: 5700-5500', 'Smoking is not allowed in paying guest, Alcohol or any other toxic substance not allowed in paying guest, Non-veg food is not allowed in paying guest, 1 month notice period, No girls are allowed in paying guest', NULL, 'Male', '23.034474, 72.557209', 23.034474, 72.557209, 'Ahmedabad', 2, 0, 18, 0, 5500, 7000, 'Executive', 54, 'Navrangpura, Vijay Cross Road, Commerce six road, Cept University, Mithakali, C.G Road, Law Garden, Swastik Cross Road, Stadium Circle', ''),
(62, 20, 'Kismat ', '402 radhey apartment near manmandir paying guest cg road', 'CG Road', '2,3,4,8,9,11,13,15,17,19,20,23', '3 sharing Ac: 8000, 3 sharing: 7000, 4 sharing: 7000', 'Smoking is not allowed in paying guest, Alcohol or any other toxic substance not allowed in paying guest, Non-veg food is not allowed in paying guest, 1 month notice period, No boys are allowed in paying guest, Time limit in paying guest is 10:30pm.', 'Justdial, OLX, Quickr', 'Female', '23.030584, 72.556822', 23.030584, 72.556822, 'Ahmedabad', 0, 0, 0, 0, 7000, 8000, 'Premium', 38, 'C.G Road, Navrangpura, H.L College, Xavier College, Cept University, Swatik Cross Road, Girish Cold Drink, Mithakali, Law Garden', ''),
(63, 20, 'Kismat ', 'I4, shivani apartment near azad society ambawadi', 'Ambawadi', '3,4,8,9,11,13,15,17,19,20,23', '3 sharing: 6000, 4 sharing: 6000', 'Smoking is not allowed in paying guest, Alcohol or any other toxic substance not allowed in paying guest, Non-veg food is not allowed in paying guest, 1 month notice period, No girls are allowed in paying guest, Time limit in paying guest is 11pm.', 'Justdial, OLX, Quickr', 'Male', '23.019081, 72.551708', 23.019081, 72.551708, 'Ahmedabad', 9, 0, 9, 0, 6000, 6000, 'Executive', 39, 'Ambawadi, Panchvati, Nehrunagar, C.N Vidhyalay, Panjrapol, Gulbai Tekra, L.D College, Polytechnic College', ''),
(64, 21, 'Peace and Plenty', '17 haveli apartment panchvati park society near deutsche bank ambawadi', 'Ambawadi', '2,3,4,8,9,11,15,17,19,20,23', '2 sharing Ac: 11000, 3 sharing Ac: 9000', 'Smoking is not allowed in paying guest, Alcohol or any other toxic substance not allowed in paying guest, Non-veg food is not allowed in paying guest, 1 month notice period, No girls are allowed in paying guest', 'Justdial, Sulekha, OLX, Quickr', 'Male', '23.023139, 72.554398', 23.023139, 72.554398, 'Ahmedabad', 1, 0, 0, 0, 9000, 11000, 'Executive', 94, 'Ambawadi, Panchvati, Nehrunagar, C.N Vidhyalay, Panjrapol, Gulbai Tekra, L.D College, Polytechnic College', ''),
(65, 21, 'Peace and Plenty', '401, aashapura flat mohannahis opposite amul dairy near PNB shyamal', 'Satellite', '2,3,4,8,9,11,13,15,17,19,20,23', '2 sharing Ac: 11000, 3 sharing Ac: 9000', 'Smoking is not allowed in paying guest, Alcohol or any other toxic substance not allowed in paying guest, Non-veg food is not allowed in paying guest, 1 month notice period, No girls are allowed in paying guest', 'Justdial, Sulekha, OLX, Quickr', 'Male', '23.013274, 72.530835', 23.013274, 72.530835, 'Ahmedabad', 229, 0, 7, 0, 9000, 11000, 'Premium', 95, 'Satellite, Anandnagar, Jivraj Park, Manekbaug, Shyamal, Prahladnagar', ''),
(66, 21, 'Peace and Plenty', '1001B rushil tower opposite star bazaar satellite', 'Satellite', '2,3,4,8,9,11,15,17,19,20,23', '2 sharing Ac: 11000, 3 sharing Ac: 9000', 'Smoking is not allowed in paying guest, Alcohol or any other toxic substance not allowed in paying guest, Non-veg food is not allowed in paying guest, 1 month notice period, No girls are allowed in paying guest', 'Justdial, Sulekha, OLX, Quickr', 'Male', '23.025904, 72.523799', 23.025904, 72.523799, 'Ahmedabad', 8, 0, 0, 0, 9000, 11000, 'Executive', 96, 'Satellite, Anandnagar, Jivraj Park, Manekbaug, Shyamal, Prahladnagar', ''),
(67, 21, 'Peace and Plenty', 'U99 someshwar park bunglows in front of tupan tenament gulab tower road sattadhar circle thaltej', 'Thaltej', '2,3,4,8,9,11,15,17,19,20,23', '2 sharing Ac: 11000, 3 sharing Ac: 9000', 'Smoking is not allowed in paying guest, Alcohol or any other toxic substance not allowed in paying guest, Non-veg food is not allowed in paying guest, 1 month notice period, No girls are allowed in paying guest', 'Justdial, Sulekha, OLX, Quickr', 'Male', '23.061859, 72.525029', 23.061859, 72.525029, 'Ahmedabad', 8, 0, 0, 0, 9000, 11000, 'Premium', 97, 'Gurukul, Sattadhar Circle, Drive In Road, Thaltej, Subhash Chowk, Surdhara Circle, S.G Highway', ''),
(68, 21, 'Peace and Plenty', 'U98 someshwar park bunglows opposite tapan tenament gulab tower sattadhar circle thaltej', 'Thaltej', '2,3,4,8,9,11,15,17,19,20,23', '2 sharing Ac: 11000, 3 sharing Ac: 9000', 'Smoking is not allowed in paying guest, Alcohol or any other toxic substance not allowed in paying guest, Non-veg food is not allowed in paying guest, 1 month notice period, No girls are allowed in paying guest', 'Justdial, Sulekha, OLX, Quickr', 'Male', '23.061859, 72.525029', 23.061859, 72.525029, 'Ahmedabad', 3, 0, 3, 0, 9000, 11000, 'Premium', 98, 'Gurukul, Sattadhar Circle, Drive In Road, Thaltej, Subhash Chowk, Surdhara Circle, S.G Highway', ''),
(69, 22, 'Friend', '33 shangrila bunglows near shell petrol pump road on zydus hospital thaltej', 'Thaltej', '3,4,8,9,11,13,15,17,19,23', '4 sharing: 6500, 5 sharing: 7000', 'Smoking is not allowed in paying guest, Alcohol or any other toxic substance not allowed in paying guest, Non-veg food is not allowed in paying guest, 1 month notice period, No girls are allowed in paying guest, Time limit in paying guest is 12pm.', 'Justdial, Sulekha, OLX, Quickr', 'Male', '23.056056, 72.508736', 23.056056, 72.508736, 'Ahmedabad', 4, 0, 0, 0, 6500, 7000, 'Premium', 107, 'Gurukul, Sattadhar Circle, Drive In Road, Thaltej, Subhash Chowk, Surdhara Circle, S.G Highway, Zydus Hospital Road', ''),
(70, 23, 'Kalpataru PG', '120 shiv ganesh bunglows opposite zydus hospital thaltej', 'Thaltej', '2,3,4,8,9,11,13,15,17,19,20,23', '4 sharing Ac: 7500, 4 sharing: 6000', 'Smoking is not allowed in paying guest, Alcohol or any other toxic substance not allowed in paying guest, Non-veg food is not allowed in paying guest, 1 month notice period, No boys are allowed in paying guest, Time limit in paying guest is 10:30pm.', 'Justdial', 'Female', '23.058129, 72.509658', 23.058129, 72.509658, 'Ahmedabad', 1, 0, 0, 0, 6000, 7500, 'Premium', 110, 'Gurukul, Sattadhar Circle, Drive In Road, Thaltej, Subhash Chowk, Surdhara Circle, S.G Highway, Zydus Hospital Road', ''),
(71, 24, 'Maximum ', '306 manas complex opposite star bazaar jodhpur char rasta', 'Jodhpur', '2,3,4,8,9,11,13,15,17,19,20,23', '1 sharing Ac: 12000, 2 sharing Ac: 7500, 3 sharing Ac: 7000, 4 sharing Ac: 6500', 'Smoking is not allowed in paying guest, Alcohol or any other toxic substance not allowed in paying guest, Non-veg food is not allowed in paying guest, 1 month notice period, No girls are allowed in paying guest', NULL, 'Male', '23.025578, 72.525128', 23.025578, 72.525128, 'Ahmedabad', 3, 0, 5, 0, 6500, 12000, 'Premium', 100, 'Jodhpur, Ramdevnagar, Iscon, Shivranjini, Star Bazaar, ISRO, Anandnagar, S.G Highway, Satellite', ''),
(72, 24, 'Maximum', '904 manas complex opposite star bazaar jodhpur', 'Jodhpur', '2,3,4,8,9,11,13,15,17,19,20,23', '1 sharing Ac: 12000, 2 sharing Ac: 7500, 3 sharing Ac: 7000, 4 sharing Ac: 6500', 'Smoking is not allowed in paying guest, Alcohol or any other toxic substance not allowed in paying guest, Non-veg food is not allowed in paying guest, 1 month notice period, No girls are allowed in paying guest', NULL, 'Male', '23.025578, 72.525128', 23.025578, 72.525128, 'Ahmedabad', 2, 0, 5, 0, 6500, 12000, 'Premium', 99, 'Jodhpur, Ramdevnagar, Iscon, Shivranjini, Star Bazaar, ISRO, Anandnagar, S.G Highway, Satellite', ''),
(73, 24, 'Maximum ', '9 parvatinagar opposite sachin tower shyamal', 'Satellite', '3,4,8,9,11,13,15,17,19,20,23', '1 sharing: 9000, 2 sharing: 7500, 3 sharing: 7000, 4 sharing: 6500', 'Smoking is not allowed in paying guest, Alcohol or any other toxic substance not allowed in paying guest, Non-veg food is not allowed in paying guest, 1 month notice period, No girls are allowed in paying guest', 'Justdial', 'Male', '23.013033, 72.524636', 23.013033, 72.524636, 'Ahmedabad', 21, 0, 0, 0, 6500, 9000, 'Executive', 101, 'Satellite, Anandnagar, Jivraj Park, Manekbaug, Shyamal, Prahladnagar', ''),
(74, 24, 'Maximum', '59, sakun twins opposite satellite centre mansi circle vastrapur', 'Vastrapur', '2,3,4,8,9,11,13,15,17,19,20,23', '2 sharing: 7000, 3 sharing Ac: 7000, 4 sharing Ac: 6500, 5 sharing: 6000', 'Smoking is not allowed in paying guest, Alcohol or any other toxic substance not allowed in paying guest, Non-veg food is not allowed in paying guest, 1 month notice period, No boys are allowed in paying guest, Time limit in paying guest is 10:30pm.', 'Justdial', 'Female', '23.033222, 72.526433', 23.033222, 72.526433, 'Ahmedabad', 9, 0, 0, 0, 6000, 7000, 'Executive', 102, 'Vastrapur, Judges Bunglow Road, Mansi Circle, Bodakdev, IIM Road, Keshavbaug', ''),
(75, 25, 'Ahmedabad Hostel', '11 lakhiya house thakkar park society near tatapura bus stop between paldi and anjali brts', 'Paldi', '3,7,8,11,15,17,19,23', '1 sharing: 3500, 2 sharing: 2750, 3 sharing: 3250, 4 sharing: 3250, 5 sharing: 3000', 'Smoking is not allowed in paying guest, Alcohol or any other toxic substance not allowed in paying guest, Non-veg food is not allowed in paying guest, 1 month notice period, No girls are allowed in paying guest', 'Justdial', 'Male', '23.009018, 72.559998', 23.009018, 72.559998, 'Ahmedabad', 257, 0, 27, 0, 2750, 3500, 'Executive', 114, 'Paldi, Ashram Road, Vasna, Anjali Cross Road, Bhatta Paldi, V.S Hospital', '');
INSERT INTO `pg` (`id`, `owner_id`, `name`, `address`, `area`, `amenities`, `room_price`, `rules`, `website_listing`, `gender`, `coords`, `latitude`, `longitude`, `city`, `search_count`, `conversion`, `list_count`, `status`, `price_from`, `price_to`, `type`, `form_no`, `keyword`, `property_desc`) VALUES
(76, 26, 'Lady', '30 dipavali society near vishwakunj cross road narayan nagar paldi', 'Paldi', '2,3,7,8,15,17,19,20,23', '1 sharing: 3500, 2 sharing: 2750, 3 sharing: 3250, 4 sharing: 3250, 5 sharing: 3000', 'Smoking is not allowed in paying guest, Alcohol or any other toxic substance not allowed in paying guest, Non-veg food is not allowed in paying guest, 1 month notice period, No boys are allowed in paying guest, Time limit in paying guest is 10pm.', 'Magic bricks', 'Female', '23.013413, 72.56241', 23.013413, 72.56241, 'Ahmedabad', 25, 0, 7, 0, 2700, 5500, 'Premium', 115, 'Paldi, Ashram Road, Vasna, Anjali Cross Road, Bhatta Paldi, V.S Hospital', ''),
(77, 27, 'Parul ', '45, 3rd floor ankur complex near town hall, ashram road', 'Paldi', '2,3,4,8,9,11,15,17,19,20,23', '2 sharing Ac: 5500, 3 sharing: 2700, 5 sharing: 2700', 'Smoking is not allowed in paying guest, Alcohol or any other toxic substance not allowed in paying guest, Non-veg food is not allowed in paying guest, 1 month notice period, No boys are allowed in paying guest, Time limit in paying guest is 10:30pm.', 'Justdial, OLX, Quickr', 'Male', '23.022250, 72.570319', 23.02225, 72.570319, 'Ahmedabad', 31, 0, 7, 0, 3500, 10000, 'Executive', 116, 'Paldi, Ashram Road, Vasna, Anjali Cross Road, Bhatta Paldi, V.S Hospital', ''),
(78, 27, 'Parul', 'B2 nirat appartment behind karnavati hospital townhall, riverfront', 'Ashram road', '2,3,7,8,11,15,17,19,20,23', '1 sharing Ac: 10000, 2 sharing Ac: 5500, 2 sharing: 4500, 3 sharing Ac: 4500, 3 sharing: 4500, 4 sharing Ac: 4000, 5 sharing Ac: 3500', 'Smoking is not allowed in paying guest, Alcohol or any other toxic substance not allowed in paying guest, Non-veg food is not allowed in paying guest, 1 month notice period, No girls are allowed in paying guest', 'Justdial, OLX, Quickr', 'Male', '23.022505, 72.571362', 23.022505, 72.571362, 'Ahmedabad', 22, 0, 17, 0, 3500, 4000, 'Executive', 117, 'Ashram Road, Income Tax, Stadium, Mithakali, Law Garden, Usmanpura', ''),
(79, 27, 'Parul', '30 methila society opposite shreyash foundation in lane of manekbaug post office', 'Manekbaug', '3,8,11,15,17,23', '1 sharing: 4000, 3 sharing Ac: 4000, 3 sharing: 3500', 'Smoking is not allowed in paying guest, Alcohol or any other toxic substance not allowed in paying guest, Non-veg food is not allowed in paying guest, 1 month notice period, No girls are allowed in paying guest', NULL, 'Female', '23.018334, 72.54404', 23.018334, 72.54404, 'Ahmedabad', 3, 0, 0, 0, 6000, 9000, 'Premium', 43, '', ''),
(80, 5, 'Corporate Hospitality', '19, krishna bunglows opposite prahladnagar garden prahladnagar', 'Prahladnagar', '2,3,8,11,15,17,19,20,23', '2 sharing Ac: 9000, 4 sharing: 6000', 'Smoking is not allowed in paying guest, Alcohol or any other toxic substance not allowed in paying guest, Non-veg food is not allowed in paying guest, 1 month notice period, No girls are allowed in paying guest', NULL, 'Male', '23.012909, 72.506847', 23.012909, 72.506847, 'Ahmedabad', 22, 0, 4, 0, 2500, 2500, 'Executive', 113, 'Prahladnagar, S.G Highway, Corporate Road, Vodafone House, Karnavati Club Road', ''),
(81, 28, 'Pramukh ', '3 yogendra society opposite vandematram flat2 barrage road vasna', 'Vasna', '3,8,11,15,17,19,20', '4 sharing 2500, 5 sharing 2500', 'Smoking is not allowed in paying guest, Alcohol or any other toxic substance not allowed in paying guest, Non-veg food is not allowed in paying guest, 1 month notice period, No girls are allowed in paying guest, Time limit in Paying Guest is 12 am', NULL, 'Male', '22.998439, 72.545336', 22.998439, 72.545336, 'Ahmedabad', 14, 0, 0, 0, 0, 0, '', 0, 'Paldi, Ashram Road, Vasna, Anjali Cross Road, Bhatta Paldi, V.S Hospital', ''),
(82, 25, 'Ahmedabad Hostel', '11 lakhiya house thakkar park society near tatapura bus stop between paldi and anjali brts', 'Paldi', '3,7,8,11,15,17,19,23', '1 sharing: 3500, 2 sharing: 2750, 3 sharing: 3250, 4 sharing: 3250, 5 sharing: 3000', 'Smoking is not allowed in paying guest, Alcohol or any other toxic substance not allowed in paying guest, Non-veg food is not allowed in paying guest, 1 month notice period, No girls are allowed in paying guest', 'Justdial', 'Female', '23.009018, 72.559998', 23.009018, 72.559998, 'Ahmedabad', 13, 0, 0, 0, 2750, 3500, 'Executive', 114, 'Paldi, Ashram Road, Vasna, Anjali Cross Road, Bhatta Paldi, V.S Hospital', ''),
(83, 25, 'Shiv Homes', '13, vrundavan apartment, 1st lane near bank of baroda, panchvati, ambawadi, Ahmedabad', 'Ambawadi', '2,3,4,6,8,9,11,13,15,17', '3 Sharing Ac: 7500, 3 Sharing: 6500, 4 Sharing: 6000  ', 'Smoking is not allowed in paying guest.,Alcohol or any other toxic substance not allowed in paying guest.,1 month notice period.,Ac electricity bill different.,No girls are allowed in paying guest', NULL, 'Male', NULL, 23.022053, 72.553904, 'Ahmedabad', 1, 0, 0, 0, 6000, 7500, 'Executive', 119, '', ''),
(91, 25, 'Paying guest', '71, Vasant Vihar colony behind pooja tower near bansal class, gopalpura road', 'Tonk Road', '2,3,7,8,11,15,17,19,20', '2 sharing: 3500', 'Smoking is not allowed in paying guest.,Alcohol or any other toxic substance not allowed in paying guest.,1 month notice period.,Ac electricity bill different.,No boys are allowed in paying guest.', NULL, 'Female', NULL, 26.861099, 75.795046, 'Jaipur', 18, 0, 0, 0, 3500, 3500, 'Premium', 125, '', ''),
(92, 25, 'Paying Guest', '281, Muktanand nagar, gopalpura bypass ', 'Gopalpura ', '1,2,3,6,8,15,17', '2 sharing: 7000, 4 sharing: 3000', 'Smoking is not allowed in paying guest.,Alcohol or any other toxic substance not allowed in paying guest.,1 month notice period.,Ac electricity bill different.,No girls are allowed in paying guest', NULL, 'Male', NULL, 26.86372, 75.79008, 'Jaipur', 3, 0, 0, 0, 3000, 7000, 'Executive', 126, '', ''),
(93, 25, 'Paying Guest', '5/112, Malviyanagar behind fortis hospital.', 'Malviyanagar', '1,3,7,8,15,17,19,20,23', '2 sharing: 3000 - 3600', 'Smoking is not allowed in paying guest.,Alcohol or any other toxic substance not allowed in paying guest.,1 month notice period.,No boys are allowed in paying guest.', NULL, 'Female', NULL, 26.854087, 75.805407, 'Jaipur', 6, 0, 0, 0, 3000, 3600, 'Executive', 127, '', ''),
(94, 25, 'Paying Guest', '7/308, malviyanagar opposite gold sook grand', 'Malviyanagar', '2,3,7,8,15,17', '2 sharing: 2700 - 3000', 'Smoking is not allowed in paying guest.,Alcohol or any other toxic substance not allowed in paying guest.,1 month notice period.,Ac electricity bill different.,No boys are allowed in paying guest.', NULL, 'Female', NULL, 26.960456, 75.774014, 'Jaipur', 1, 0, 0, 0, 2700, 3000, 'Executive', 128, '', ''),
(95, 25, 'Paying Guest', '7/308, malviyanagar opposite gold sook grand', 'Malviyanagar', '1,2,3,7,8,15,17', '2 sharing: 2700 - 3000', 'Smoking is not allowed in paying guest.,Alcohol or any other toxic substance not allowed in paying guest.,1 month notice period.,Ac electricity bill different.,No boys are allowed in paying guest.', NULL, 'Female', NULL, 26.960456, 75.774014, 'Jaipur', 1, 0, 0, 0, 2700, 3000, 'Executive', 129, '', ''),
(96, 25, 'Paying Guest', 'B/20, Inderpuri, Lalkothi, Tonk road near apex mall, Lal Kothi', 'Lal Kothi', '1,2,3,8,15,17', '2 sharing: 4500, 3 sharing: 3600', 'Smoking is not allowed in paying guest.,Alcohol or any other toxic substance not allowed in paying guest.,1 month notice period.,Ac electricity bill different.,No boys are allowed in paying guest.', NULL, 'Female', NULL, 26.936618, 75.822163, 'Jaipur', 0, 0, 0, 0, 3600, 4500, 'Executive', 130, '', ''),
(97, 25, 'Aashiyana', '106 Vasundra Colony, Gopalpura mall behind big bazaar, Gopalpura bypass', 'Gopalpura ', '1,2,3,4,6,8,9,10,13,15,17,19', '2 sharing: 7000, 3 sharing: 6500', 'Smoking is not allowed in paying guest.,Alcohol or any other toxic substance not allowed in paying guest.,1 month notice period.,Ac electricity bill different.,No boys are allowed in paying guest.', NULL, 'Female', NULL, 26.862203, 75.79294, 'Jaipur', 0, 0, 0, 0, 6500, 7000, 'Executive', 131, '', ''),
(98, 25, 'Jain', 'B/98 kirtinagar near jain temple, Tonk Road', 'Tonk Road', '3,8,15,17,19', '2 sharing: 3500', 'Smoking is not allowed in paying guest.,Alcohol or any other toxic substance not allowed in paying guest.,1 month notice period.,No boys are allowed in paying guest.', NULL, 'Female', NULL, 26.882617, 75.794889, 'Jaipur', 1, 0, 0, 0, 3500, 3500, 'Executive', 132, '', ''),
(99, 25, 'Jain', 'B/98 kirtinagar near jain temple, Tonk Road', 'Tonk Road', '3,8,15,17,19', '2 sharing: 3500', 'Smoking is not allowed in paying guest.,Alcohol or any other toxic substance not allowed in paying guest.,1 month notice period.,No boys are allowed in paying guest.', NULL, 'Female', NULL, 26.882617, 75.794889, 'Jaipur', 0, 0, 0, 0, 3500, 3500, 'Executive', 133, '', ''),
(100, 25, 'Aradhya', '29, Parvatinagar society 1, opposite sachin tower, anandnagar, satellite', 'Satellite', '1,2,3,5,6,7,8,10,11,15,17,19,20,23', '2 sharing Ac: 4200, 3 sharing Ac: 4200, 4 sharing Ac: 4200, 5 sharing Ac: 4200, 6 sharing Ac: 4200', 'Smoking is not allowed in paying guest.,Alcohol or any other toxic substance not allowed in paying guest.,Non-veg food is not allowed in paying guest.,1 month notice period.,Ac electricity bill different.,No boys are allowed in paying guest.', NULL, 'Female', NULL, 23.01359, 72.524027, 'Ahmedabad', 10, 0, 0, 0, 4200, 4200, 'Premium', 134, 'Satellite, Anandnagar, Jivraj Park, Manekbaug, Shyamal, Prahladnagar', ''),
(101, 25, 'Shiv Homes', '13, vrundavan apartment, 1st lane panchvati, ambawadi', 'Ambawadi', '1,2,3,4,8,9,10,11,13,15,17,19,20,23', '3 sharing: 6500, 3 sharing Ac: 7500, 4 sharing: 6000', 'Smoking is not allowed in paying guest.,Alcohol or any other toxic substance not allowed in paying guest.,Non-veg food is not allowed in paying guest.,1 month notice period.,Ac electricity bill different.,No girls are allowed in paying guest', NULL, 'Male', NULL, 23.023079, 72.554128, 'Ahmedabad', 1, 0, 0, 0, 6000, 7500, 'Executive', 135, 'Gulbai Tekra, Panchvati, Ambawadi, C.G Road, Central Mall, Endeavour, Navkar School, Mithakali, Law Garden', ''),
(102, 25, 'Shiv Homes', '14, vrundavan apartment, 1st lane panchvati, ambawadi', 'Ambawadi', '1,2,3,4,8,9,10,11,13,15,17,19,20,23', '3 sharing: 6500, 3 sharing Ac: 7500, 4 sharing: 6000', 'Smoking is not allowed in paying guest.,Alcohol or any other toxic substance not allowed in paying guest.,Non-veg food is not allowed in paying guest.,1 month notice period.,Ac electricity bill different.,No girls are allowed in paying guest', NULL, 'Male', NULL, 23.023079, 72.554128, 'Ahmedabad', 1, 0, 0, 0, 6000, 7500, 'Premium', 136, 'Gulbai Tekra, Panchvati, Ambawadi, C.G Road, Central Mall, Endeavour, Navkar School, Mithakali, Law Garden', ''),
(103, 25, 'Shiv Homes', '21, vrundavan apartment, 1st lane panchvati, ambawadi', 'Ambawadi', '1,3,4,6,8,9,10,11,13,15,17,19,20,23', '1 sharing: 8000, 2 sharing: 7500, 3 sharing: 6500', 'Smoking is not allowed in paying guest.,Alcohol or any other toxic substance not allowed in paying guest.,Non-veg food is not allowed in paying guest.,1 month notice period.,No girls are allowed in paying guest', NULL, 'Male', NULL, 23.023079, 72.554128, 'Ahmedabad', 2, 0, 0, 0, 6500, 8000, 'Premium', 137, 'Gulbai Tekra, Panchvati, Ambawadi, C.G Road, Central Mall, Endeavour, Navkar School, Mithakali, Law Garden', ''),
(104, 25, 'Shiv Homes', 'A3, Smartheshwar Apartment, opposite doctor house, parimal underpass, parimal, ambawadi', 'Ambawadi', '1,2,3,4,6,8,10,11,13,15,17,19,20,23', '3 sharing: 6500, 3 sharing Ac: 7500, 4 sharing: 6500, 4 sharing Ac: 7500', 'Smoking is not allowed in paying guest.,Alcohol or any other toxic substance not allowed in paying guest.,Non-veg food is not allowed in paying guest.,1 month notice period.,Ac electricity bill different.,No girls are allowed in paying guest', NULL, 'Male', NULL, 23.017503, 72.557385, 'Ahmedabad', 1, 0, 0, 0, 6500, 7500, 'Executive', 138, 'Ambawadi, Parimal, Panchvati, Central Mall, C.N Vidhyalay', ''),
(105, 25, 'Shiv Homes', 'I9, Shivani Apartment near Azad society, Panjrapol', 'Panjrapole', '1,2,3,4,8,9,10,11,13,15,17,19,20,23', '3 sharing: 6500, 3 sharing Ac: 7500, 4 sharing: 6500, 4 sharing Ac: 7500', 'Smoking is not allowed in paying guest.,Alcohol or any other toxic substance not allowed in paying guest.,Non-veg food is not allowed in paying guest.,1 month notice period.,Ac electricity bill different.,No girls are allowed in paying guest', NULL, 'Male', NULL, 23.027582, 72.541029, 'Ahmedabad', 6, 0, 0, 0, 6500, 7500, 'Executive', 139, 'Ambawadi, Panchvati, Nehrunagar, C.N Vidhyalay, Panjrapol, Gulbai Tekra, L.D College, Polytechnic College', ''),
(106, 25, 'Aradhya', '12, Parvatinagar society 1, opposite sachin tower, anandnagar, satellite', 'Satellite', '1,2,3,5,6,7,8,10,11,15,17,19,20,23', '1 sharing Ac: 6000, 2 sharing Ac: 4500, 4 sharing: 3500', 'Smoking is not allowed in paying guest.,Alcohol or any other toxic substance not allowed in paying guest.,Non-veg food is not allowed in paying guest.,1 month notice period.,Ac electricity bill different.,No girls are allowed in paying guest', NULL, 'Male', NULL, 23.01359, 72.524027, 'Ahmedabad', 0, 0, 0, 0, 3500, 6000, 'Premium', 140, 'Satellite, Anandnagar, Jivraj Park, Manekbaug, Shyamal, Prahladnagar', ''),
(107, 25, 'Sweet Homes', 'B72, Vista flat near nescafe opposite gulbai tekra brts bustand, gulbai tekra', 'Gulbai Tekra', '1,3,4,8,9,11,13,15,17,19,20,23', '4 sharing: 6500, 5 sharing: 6000', 'Smoking is not allowed in paying guest.,Alcohol or any other toxic substance not allowed in paying guest.,Non-veg food is not allowed in paying guest.,1 month notice period.,Ac electricity bill different.,No girls are allowed in paying guest', NULL, 'Male', NULL, 23.03009, 72.546437, 'Ahmedabad', 1, 0, 0, 0, 6000, 6500, 'Executive', 141, 'Ambawadi, Panchvati, Nehrunagar, C.N Vidhyalay, Panjrapol, Gulbai Tekra, L.D College, Polytechnic College', ''),
(108, 25, 'Dream', '3/A, ramjyot society, mira ambika road, opposite Akshar apartment road, Naranpura', 'Naranpura', '1,2,3,4,8,9,10,11,13,15,17,19,20,23', '2 sharing: 7500, 2 sharing Ac: 8500, 3 sharing: 6500, 3 sharing Ac: 8000, 5 sharing Ac: 7500', 'Smoking is not allowed in paying guest.,Alcohol or any other toxic substance not allowed in paying guest.,Non-veg food is not allowed in paying guest.,1 month notice period.,Ac electricity bill different.,No girls are allowed in paying guest', NULL, NULL, NULL, 23.050725, 72.556171, 'Ahmedabad', 4, 0, 0, 0, 6500, 8500, 'Executive', 142, 'Naranpura, Usmanpura, Akbar Nagar, Ashram Road, Shastrinagar, Ankur Cross Road', ''),
(109, 25, 'Vivek', 'Vivek Paying guest, near bsnl office, girish cold drink cross road, C.G Road, Navrangpura', 'Navrangpura', '1,3,7,8,11,15,17,20,23', '2 sharing: 4300, 4 sharing: 4500-4800', 'Smoking is not allowed in paying guest.,Alcohol or any other toxic substance not allowed in paying guest.,Non-veg food is not allowed in paying guest.,1 month notice period.,No boys are allowed in paying guest.', NULL, 'Female', NULL, 23.032547, 72.560189, 'Ahmedabad', 2, 0, 0, 0, 4300, 4800, 'Executive', 143, 'Navrangpura, Vijay Cross Road, Commerce six road, Cept University, Mithakali, C.G Road, Law Garden, Swastik Cross Road, Stadium Circle', ''),
(110, 25, 'Vivek', '1694 limdi vas, near navrangpura police station, navrangpura gam, Navrangpura', 'Navrangpura', '1,3,4,8,9,11,13,15,17,20,23', '2 sharing: 5500, 3 sharing: 5000, 4 sharing: 5000, 5 sharing: 5000', 'Smoking is not allowed in paying guest.,Alcohol or any other toxic substance not allowed in paying guest.,Non-veg food is not allowed in paying guest.,1 month notice period.,No boys are allowed in paying guest.', NULL, 'Female', NULL, 23.035016, 72.567272, 'Ahmedabad', 0, 0, 0, 0, 5000, 5500, 'Executive', 144, 'Navrangpura, Vijay Cross Road, Commerce six road, Cept University, Mithakali, C.G Road, Law Garden, Swastik Cross Road, Stadium Circle', ''),
(111, 25, 'Vivek', '1695 limdi vas, near navrangpura police station, navrangpura gam, Navrangpura', 'Navrangpura', '1,3,4,8,9,11,13,17,20,23', '4 sharing: 5000, 5 sharing: 5500', 'Smoking is not allowed in paying guest.,Alcohol or any other toxic substance not allowed in paying guest.,Non-veg food is not allowed in paying guest.,1 month notice period.,No boys are allowed in paying guest.', NULL, 'Female', NULL, 23.035016, 72.567272, 'Ahmedabad', 0, 0, 0, 0, 5000, 5500, 'Executive', 145, 'Navrangpura, Vijay Cross Road, Commerce six road, Cept University, Mithakali, C.G Road, Law Garden, Swastik Cross Road, Stadium Circle', ''),
(112, 25, 'Radhe', 'Radhe Paying Guest, Opposite ganesh ji temple, Vastrapur', 'Vastrapur', '1,3,4,8,9,13,15,17,20,23', '3 sharing: 4500, 4 sharing: 4500, 5 sharing: 4500', 'Smoking is not allowed in paying guest.,Alcohol or any other toxic substance not allowed in paying guest.,Non-veg food is not allowed in paying guest.,1 month notice period.,No girls are allowed in paying guest', NULL, 'Male', NULL, 23.03498, 72.527779, 'Ahmedabad', 5, 0, 0, 0, 4500, 4500, 'Executive', 146, 'Vastrapur, Judges Bunglow Road, Mansi Circle, Bodakdev, IIM Road, Keshavbaug', ''),
(113, 25, 'Navdeep', 'Navdeep Hostel, opposite sonal ben khakhrawala, near sarkari tube well, bopal', 'Bopal', '1,3,4,6,8,9,11,13,15,17,20,23', '2 sharing: 4000 - 4300, 3 sharing: 4000 - 4300, 4 sharing: 4000 - 4300, 5 sharing: 4000 - 4300', 'Smoking is not allowed in paying guest.,Alcohol or any other toxic substance not allowed in paying guest.,Non-veg food is not allowed in paying guest.,1 month notice period.,No girls are allowed in paying guest', NULL, 'Male', NULL, 23.030465, 72.472987, 'Ahmedabad', 1, 0, 0, 0, 4000, 4300, 'Executive', 147, 'Bopal, South Bopal, Ghuma, L.J Institute, Sobo Centre', ''),
(114, 25, 'Homely Home', '84, Someshwar park opposite tapan society, near new numesh society, memnagar', 'Memnagar', '1,2,3,5,6,7,8,10,11,15,17,19,20,23', '2 Sharing Ac: 7000, 3 Sharing Ac: 6000, 4 sharing Ac: 5500', 'Smoking is not allowed in paying guest.,Alcohol or any other toxic substance not allowed in paying guest.,Non-veg food is not allowed in paying guest.,1 month notice period.,Ac electricity bill different.,No boys are allowed in paying guest.', NULL, 'Female', NULL, 23.059638, 72.526962, 'Ahmedabad', 0, 0, 0, 0, 5500, 7000, 'Premium', 148, 'Gurukul, Memnagar, Drive In Road, Thaltej, Subhash Chowk, Surdhara Circle', ''),
(115, 25, 'Homely Home', 'C55, Cozy Corner society behind sterling park, gulab tower road, thaltej', 'Thaltej', '1,2,3,5,6,7,8,10,11,15,17,19,20,23', '2 Sharing Ac: 7000, 3 Sharing Ac: 6000, 4 sharing Ac: 5500', 'Smoking is not allowed in paying guest.,Alcohol or any other toxic substance not allowed in paying guest.,Non-veg food is not allowed in paying guest.,1 month notice period.,Ac electricity bill different.,No boys are allowed in paying guest.', NULL, 'Female', NULL, 23.060903, 72.524384, 'Ahmedabad', 0, 0, 0, 0, 5500, 7000, 'Premium', 149, 'Gurukul, Sattadhar Circle, Drive In Road, Thaltej, Subhash Chowk, Surdhara Circle, S.G Highway', ''),
(116, 25, 'Homely Home Living', 'Surdhara Bunglow, near sal hospital Thaltej', 'Thaltej', '1,2,3,5,6,7,8,10,11,15,17,19,20,23', '2 Sharing Ac: 7000, 3 Sharing Ac: 6000, 4 sharing Ac: 5500', 'Smoking is not allowed in paying guest.,Alcohol or any other toxic substance not allowed in paying guest.,Non-veg food is not allowed in paying guest.,1 month notice period.,Ac electricity bill different.,No boys are allowed in paying guest.', NULL, 'Female', NULL, 23.051777, 72.524831, 'Ahmedabad', 0, 0, 0, 0, 5500, 7000, 'Premium', 150, 'Gurukul, Sattadhar Circle, Drive In Road, Thaltej, Subhash Chowk, Surdhara Circle, S.G Highway', ''),
(117, 25, 'Homely Home Living', 'Someshwar Bunglow, near sal hospital Thaltej', 'Thaltej', '1,2,3,5,6,7,8,10,11,15,17,19,20,23', '2 Sharing Ac: 7000, 3 Sharing Ac: 6000, 4 sharing Ac: 5500', 'Smoking is not allowed in paying guest.,Alcohol or any other toxic substance not allowed in paying guest.,Non-veg food is not allowed in paying guest.,1 month notice period.,Ac electricity bill different.,No boys are allowed in paying guest.', NULL, 'Female', NULL, 23.049471, 72.524174, 'Ahmedabad', 0, 0, 0, 0, 5500, 7000, 'Premium', 151, 'Gurukul, Sattadhar Circle, Drive In Road, Thaltej, Subhash Chowk, Surdhara Circle, S.G Highway', ''),
(118, 25, 'Gokul ', 'J.J hospital sector 6 behind padada ground, near jantanagar crossing, chanakyapuri, ghatlodiya', 'Ghatlodiya', '1,2,3,4,6,8,9,10,11,13,15,17,19,20,23', '1 sharing Ac: 8000, 2 sharing Ac: 6700, 4 sharing Ac: 6500, 6 sharing Ac: 4800, 8 Sharing Ac: 4800', 'Smoking is not allowed in paying guest.,Alcohol or any other toxic substance not allowed in paying guest.,Non-veg food is not allowed in paying guest.,1 month notice period.,Ac electricity bill different.,No girls are allowed in paying guest', NULL, 'Male', NULL, 23.073131, 72.536833, 'Ahmedabad', 0, 0, 0, 0, 4800, 8000, 'Executive', 152, 'Gota, Ghatlodiya, Chanlodiya, Nirma University, S.G Highway, Vaishnodevi Circle', ''),
(119, 25, 'Vishwas', '7/11 mihir apartment, professor colony road near vijay cross road navrangpura', 'Navrangpura', '1,3,4,8,9,11,13,15,17,19,23', '2 sharing: 7000, 3 sharing: 6500, 4 sharing: 6000', 'Smoking is not allowed in paying guest.,Alcohol or any other toxic substance not allowed in paying guest.,Non-veg food is not allowed in paying guest.,1 month notice period.,No girls are allowed in paying guest', NULL, 'Male', NULL, 23.044613, 72.549253, 'Ahmedabad', 0, 0, 0, 0, 6000, 7000, 'Executive', 153, 'Navrangpura, Vijay Cross Road, Commerce six road, Cept University, Mithakali, C.G Road, Law Garden, Swastik Cross Road, Stadium Circle', ''),
(120, 25, 'Exclusive Accommodatio', 'D22, Tirthdham Apartment near HP petrol pump, near Mariott lane, Bodakdev', 'Vastrapur', '1,2,3,4,6,8,9,10,11,13,15,17,19,20,23', '4 sharing Ac: 8500, 5 sharing Ac: 7500', 'Smoking is not allowed in paying guest.,Alcohol or any other toxic substance not allowed in paying guest.,Non-veg food is not allowed in paying guest.,1 month notice period.,Ac electricity bill different.,No girls are allowed in paying guest', NULL, 'Male', NULL, 23.033427, 72.517791, 'Ahmedabad', 2, 0, 0, 0, 7500, 8500, 'Premium', 154, '', '');

-- --------------------------------------------------------

--
-- Table structure for table `rules`
--

CREATE TABLE IF NOT EXISTS `rules` (
  `id` int(11) NOT NULL AUTO_INCREMENT,
  `rule` varchar(300) NOT NULL,
  `status` int(12) NOT NULL,
  `type` varchar(25) NOT NULL,
  PRIMARY KEY (`id`)
) ENGINE=InnoDB  DEFAULT CHARSET=latin1 AUTO_INCREMENT=5 ;

--
-- Dumping data for table `rules`
--

INSERT INTO `rules` (`id`, `rule`, `status`, `type`) VALUES
(1, 'i m awesome', 0, 'Napspace'),
(2, 'i m awesome again', 0, 'Owner'),
(3, 'i m awesome', 0, 'Napspace'),
(4, 'I am qba', 0, 'Owner');

/*!40101 SET CHARACTER_SET_CLIENT=@OLD_CHARACTER_SET_CLIENT */;
/*!40101 SET CHARACTER_SET_RESULTS=@OLD_CHARACTER_SET_RESULTS */;
/*!40101 SET COLLATION_CONNECTION=@OLD_COLLATION_CONNECTION */;
